score,trades,win_rate,total_pnl,max_drawdown,profit_factor,note,sma_period,wpr_m15_period,wpr_m1_period,wpr_m15_sell_extreme,wpr_m15_buy_extreme,wpr_m15_trigger,wpr_m1_sell_extreme,wpr_m1_buy_extreme,wpr_m1_trigger,atr_period,sl_atr_mult,tp_rr_ratio,breakeven_pct,trail_activation_pips,trail_distance_pips,max_open_slots,max_spread_atr_ratio,atr_min_pct,atr_max_pct,trade_hour_start,trade_hour_end,skip_monday_hours,skip_friday_hour
95.21,166,0.5181,192.93,0.0185,2.16,,210,35,12,-35,-70,-60,-30,-95,-45,17,1.0,2.25,0.6000000000000001,6,11,3,0.15000000000000002,1.0,1.6,4,13,4,24
44.68,748,0.4639,207.87,0.0433,1.234,,140,48,16,-15,-90,-65,-35,-65,-45,17,1.0,3.0,0.4,6,5,7,0.15000000000000002,0.6000000000000001,2.4000000000000004,3,19,0,20
33.96,191,0.4136,92.11,0.0492,1.478,,270,42,6,-5,-80,-35,-5,-85,-70,12,1.75,2.75,0.3,12,8,8,0.1,0.30000000000000004,2.2,12,16,2,22
6.91,243,0.3292,30.08,0.0369,1.124,,140,49,20,-30,-80,-60,-30,-95,-45,15,1.0,1.75,0.4,6,9,8,0.35,0.4,3.2,9,15,3,20
-15.67,484,0.3306,-61.24,0.083,0.868,,240,33,16,-20,-80,-55,-35,-95,-70,17,1.5,2.25,0.4,10,12,8,0.1,0.2,2.0,2,24,4,22
-41.48,401,0.217,-165.92,0.1726,0.656,,130,31,12,-30,-65,-40,-5,-65,-45,20,1.0,1.75,0.4,10,6,2,0.3,0.5,2.0,7,13,4,18
-87.29,1348,0.3917,-349.17,0.3736,0.781,,140,28,17,-30,-80,-45,-35,-75,-65,10,3.0,3.0,0.4,4,11,7,0.2,0.30000000000000004,2.6,0,23,1,22
-999999.0,0,,,,,paraméter-kényszer nem teljesült,300,41,6,-35,-70,-40,-10,-70,-70,13,1.25,3.0,0.4,4,7,6,0.15000000000000002,0.8,3.0,11,18,0,22
